branch,total_posts,total_reels,total_items,total_views,total_likes,total_comments,avg_views_per_reel,avg_likes_per_item
Baubau,4,4,8,0,114,11,0,14
Bitung,19,41,60,0,766,40,0,13
Bone,15,17,32,0,160,3,0,5
Bulukumba,13,11,24,0,31,0,0,1
Gorontalo,14,46,60,0,916,9,0,15
Gowa,15,33,48,0,1336,93,0,28
Kendari,21,39,60,0,1559,125,0,26
Kolaka,11,5,16,0,9,0,0,1
Mamuju,32,24,56,21537,836,62,897,15
Manado,30,30,60,0,584,40,0,10
MKS Baruga,32,28,60,0,761,65,0,13
MKS Cendrawasih,17,29,46,58720,2272,176,2025,49
MKS Hertasning,17,46,63,48697,2263,130,1059,36
MKS Sudiang,18,41,59,29231,804,54,713,14
Palopo,21,38,59,25438,1614,363,669,27
Palu,11,44,55,68960,1999,152,1567,36
Pangkep,24,18,42,0,284,16,0,7
Parepare,24,26,50,34612,900,56,1331,18
Pinrang,13,3,16,0,86,3,0,5
Polman,36,24,60,0,452,11,0,8
Sidrap Jenderal,10,2,12,0,14,0,0,1
Soppeng Lalabata,7,1,8,0,0,0,0,0
Sorong,8,1,9,0,63,0,0,7
Tana Toraja,30,30,60,132270,325,14,4409,5
Ternate,19,41,60,0,914,37,0,15
Tolitoli,20,38,58,24793,1691,86,652,29
Tomohon,11,24,35,0,540,26,0,15
Toraja Utara,6,25,31,76999,1920,64,3080,62